episode,reward,epsilon,violations,scenario
0,166.14713514051263,0.985,0,mixed_urban
1,35.99124796028875,0.970225,0,highway_cruise
2,56.79145833291576,0.955671625,0,highway_cruise
3,167.47619248322172,0.941336550625,0,city_stop_go
4,144.45997069863566,0.927216502365625,0,city_stop_go
5,-106.2529850034732,0.9133082548301407,45,mountain_climb
6,160.28031211264184,0.8996086310076885,0,mixed_urban
7,78.99212443593603,0.8861145015425732,0,highway_cruise
8,67.37867465810861,0.8728227840194346,0,overtaking
9,251.44427582135637,0.8597304422591431,0,mixed_urban
10,114.43853065757673,0.8468344856252559,0,city_stop_go
11,-151.1276354793857,0.834131968340877,51,mountain_climb
12,54.7605612622121,0.8216199888157638,0,highway_cruise
13,54.790245352006934,0.8092956889835273,0,highway_cruise
14,82.00353832668635,0.7971562536487744,0,highway_cruise
15,102.06236190373356,0.7851989098440427,0,highway_cruise
16,219.4963790902374,0.773420926196382,0,city_stop_go
17,275.46686035260336,0.7618196123034363,0,mixed_urban
18,-22.256983211788764,0.7503923181188847,32,mountain_climb
19,221.50631009159082,0.7391364333471014,0,city_stop_go
20,178.46577052663082,0.7280493868468949,0,city_stop_go
21,70.14815526488665,0.7171286460441915,0,overtaking
22,276.3920550659047,0.7063717163535286,0,mixed_urban
23,-39.2552187378059,0.6957761406082257,43,mountain_climb
24,85.07277120424621,0.6853394984991023,0,highway_cruise
25,99.98602209847289,0.6750594060216157,0,highway_cruise
26,156.4423805157399,0.6649335149312915,0,city_stop_go
27,-43.22951901122852,0.6549595122073221,46,mountain_climb
28,199.4828939107865,0.6451351195242122,0,city_stop_go
29,186.41754734443518,0.635458092731349,0,city_stop_go
30,171.42241501436197,0.6259262213403788,0,city_stop_go
31,106.25566567047825,0.6165373280202731,0,overtaking
32,330.5505546525162,0.607289268099969,0,mixed_urban
33,226.45544373898352,0.5981799290784694,0,city_stop_go
34,-123.35951599738934,0.5892072301422924,55,mountain_climb
35,292.33538580176156,0.580369121690158,0,mixed_urban
36,-41.12716511091646,0.5716635848648056,45,mountain_climb
37,75.70053840444587,0.5630886310918335,29,mountain_climb
38,74.42792041645525,0.554642301625456,0,overtaking
39,122.11120773947039,0.5463226671010741,0,highway_cruise
40,238.59738403581568,0.538127827094558,0,mixed_urban
41,118.07321790412426,0.5300559096881396,0,highway_cruise
42,135.8891987269423,0.5221050710428176,0,highway_cruise
43,120.2581024500603,0.5142734949771753,0,overtaking
44,294.38765296531955,0.5065593925525177,0,mixed_urban
45,62.856773369140726,0.4989610016642299,43,mountain_climb
46,208.43405236858032,0.49147658663926647,0,city_stop_go
47,32.86392204188398,0.48410443783967744,41,mountain_climb
48,164.0996497114721,0.47684287127208225,0,highway_cruise
49,133.0529679305752,0.469690228203001,0,highway_cruise
50,135.1175958424346,0.462644874779956,0,highway_cruise
51,310.5502148647451,0.4557052016582566,0,mixed_urban
52,75.3141184517353,0.4488696236333828,0,overtaking
53,266.50926341800186,0.44213657927888206,0,city_stop_go
54,267.51262306158486,0.43550453058969885,0,city_stop_go
55,275.4861327013254,0.42897196263085335,0,mixed_urban
56,244.45901965735456,0.42253738319139056,0,city_stop_go
57,357.51959475009403,0.4161993224435197,0,mixed_urban
58,115.06907062861718,0.4099563326068669,0,highway_cruise
59,166.92812186601873,0.4038069876177639,0,highway_cruise
60,64.86232078601701,0.39774988280349743,43,mountain_climb
61,124.00981697116313,0.391783634561445,0,highway_cruise
62,129.427373992493,0.3859068800430233,0,overtaking
63,73.86278506517974,0.380118276842378,42,mountain_climb
64,238.4817794594985,0.3744165026897423,0,city_stop_go
65,97.27587531226757,0.3688002551493962,0,overtaking
66,-40.14609155259033,0.36326825132215523,40,mountain_climb
67,120.21733784967054,0.3578192275523229,0,overtaking
68,354.51955726131,0.35245193913903805,0,mixed_urban
69,212.41218895808046,0.34716516005195247,0,city_stop_go
70,152.094604718185,0.34195768265117316,0,highway_cruise
71,419.6439454407372,0.33682831741140556,0,mixed_urban
72,267.5126391795304,0.3317758926502345,0,city_stop_go
73,387.6114371013375,0.32679925426048095,0,mixed_urban
74,147.73863072938317,0.3218972654465737,0,highway_cruise
75,278.5358927033017,0.3170688064648751,0,city_stop_go
76,135.43025107534493,0.312312774367902,0,overtaking
77,130.48066655747718,0.30762808275238346,0,overtaking
78,252.50297512038546,0.3030136615110977,0,city_stop_go
79,194.02973917843704,0.29846845658843124,0,highway_cruise
80,131.8671232970113,0.2939914297396048,43,mountain_climb
81,245.50458850421006,0.28958155829351073,0,city_stop_go
82,387.4002408905873,0.2852378349191081,0,mixed_urban
83,19.7611416518548,0.28095926739532145,39,mountain_climb
84,62.107700344659705,0.2767448783843916,0,highway_cruise
85,145.01731207689122,0.27259370520862575,0,highway_cruise
86,380.5967786760772,0.26850479963049634,0,mixed_urban
87,142.22040388228697,0.26447722763603887,0,overtaking
88,204.941292211658,0.2605100692214983,0,highway_cruise
89,113.86915885019381,0.2566024181831758,43,mountain_climb
90,298.5417080344753,0.2527533819104282,0,city_stop_go
91,98.88101294672448,0.24896208118177174,44,mountain_climb
92,117.86511138453622,0.24522764996404517,35,mountain_climb
93,159.4012320855729,0.2415492352145845,0,overtaking
94,101.78340570648014,0.23792599668636571,19,mountain_climb
95,117.1518928273167,0.23435710673607021,0,overtaking
96,78.3632096655063,0.23084175013502917,0,overtaking
97,101.07611276290929,0.22737912388300371,0,highway_cruise
98,186.9646825150207,0.22396843702475866,0,highway_cruise
99,379.4620226187591,0.22060891046938727,0,mixed_urban
100,135.87155260068147,0.21729977681234647,44,mountain_climb
101,389.5074498912796,0.21404028016016127,0,mixed_urban
102,47.85793757963091,0.21082967595775884,45,mountain_climb
103,372.5985634231922,0.20766723081839245,0,mixed_urban
104,182.06045277642227,0.20455222235611656,0,highway_cruise
105,224.03715992342248,0.2014839390207748,0,highway_cruise
106,206.03434457030838,0.19846167993546318,0,highway_cruise
107,218.04455313876412,0.19548475473643123,0,highway_cruise
108,305.62298795572747,0.19255248341538475,0,city_stop_go
109,68.05554919431768,0.18966419616415398,0,highway_cruise
110,152.43293151827524,0.18681923322169167,0,overtaking
111,215.07343918416763,0.1840169447233663,0,highway_cruise
112,216.45470992396108,0.1812566905525158,0,city_stop_go
113,306.5150388287868,0.17853784019422808,0,city_stop_go
114,293.5705912982564,0.17585977259131466,0,city_stop_go
115,279.66613595969625,0.17322187600244493,0,city_stop_go
116,368.6707061820955,0.17062354786240824,0,mixed_urban
117,417.5618397753866,0.16806419464447211,0,mixed_urban
118,144.28111105967892,0.16554323172480503,0,overtaking
119,425.6237079703754,0.16306008324893295,0,mixed_urban
120,295.5878347718292,0.16061418200019895,0,city_stop_go
121,236.0806552302217,0.15820496927019595,0,highway_cruise
122,207.7906166755538,0.155831894731143,0,highway_cruise
123,252.54982936790427,0.15349441631017585,0,city_stop_go
124,146.8370002727124,0.15119200006552322,47,mountain_climb
125,298.6379368732261,0.14892412006454037,0,city_stop_go
126,372.673967714295,0.14669025826357227,0,mixed_urban
127,224.01889309894818,0.14448990438961867,0,highway_cruise
128,334.653040145672,0.1423225558237744,0,city_stop_go
129,201.88786517651727,0.14018771748641778,0,highway_cruise
130,292.63203372577794,0.13808490172412152,0,city_stop_go
131,335.62702734742663,0.1360136281982597,0,city_stop_go
132,360.50964344349654,0.13397342377528582,0,mixed_urban
133,317.63335684160637,0.13196382241865653,0,city_stop_go
134,167.0506452274093,0.12998436508237668,0,highway_cruise
135,159.354058837406,0.12803459960614103,0,overtaking
136,199.0573480955238,0.1261140806120489,0,highway_cruise
137,383.6060970915242,0.12422236940286817,0,mixed_urban
138,155.41284284820216,0.12235903386182514,0,overtaking
139,310.62168423487003,0.12052364835389777,0,city_stop_go
140,112.89328057563573,0.1187157936285893,48,mountain_climb
141,154.46313697267146,0.11693505672416046,0,overtaking
142,132.45936407446501,0.11518103087329805,0,overtaking
143,283.6480383613266,0.11345331541019858,0,city_stop_go
144,126.86298851998728,0.11175151567904561,41,mountain_climb
145,57.890655119592765,0.11007524294385992,44,mountain_climb
146,424.42047118654705,0.10842411429970203,0,mixed_urban
147,150.40266934767078,0.1067977525852065,0,overtaking
148,-29.154568030969543,0.10519578629642841,32,mountain_climb
149,435.50513131322265,0.10361784950198198,0,mixed_urban
150,207.84733003517505,0.10206358175945225,35,mountain_climb
151,159.36621333642148,0.10053262803306047,0,overtaking
152,224.85436825659787,0.09902463861256457,33,mountain_climb
153,132.43464332184482,0.09753926903337609,0,overtaking
154,337.6414155887256,0.09607617999787545,0,city_stop_go
155,202.0384379222461,0.09463503729790732,0,highway_cruise
156,395.5499926582697,0.0932155117384387,0,mixed_urban
157,265.64872723012945,0.09181727906236212,0,city_stop_go
158,274.68159741817334,0.09044001987642668,0,city_stop_go
159,215.02236796893462,0.08908341957828028,0,highway_cruise
160,194.87557400101088,0.08774716828460608,40,mountain_climb
161,184.99301321503654,0.08643096076033699,0,highway_cruise
162,315.62833486912285,0.08513449634893193,0,city_stop_go
163,321.6253449279192,0.08385747890369795,0,city_stop_go
164,324.64243589288606,0.08259961672014247,0,city_stop_go
165,211.79757242928747,0.08136062246934034,21,mountain_climb
166,154.28991718053106,0.08014021313230023,0,overtaking
167,394.53392329652166,0.07893810993531572,0,mixed_urban
168,153.2613464821401,0.07775403828628598,0,overtaking
169,436.5483533947262,0.07658772771199168,0,mixed_urban
170,415.60569607510837,0.0754389117963118,0,mixed_urban
171,412.59345400632105,0.07430732811936713,0,mixed_urban
172,235.03752115432204,0.07319271819757663,0,highway_cruise
173,236.9293270903124,0.07209482742461297,0,highway_cruise
174,240.9290793566334,0.07101340501324377,0,highway_cruise
175,348.6297952554037,0.06994820393804511,0,city_stop_go
176,247.07012838034373,0.06889898087897443,0,highway_cruise
177,420.6030712076516,0.06786549616578981,0,mixed_urban
178,104.88278012604056,0.06684751372330296,50,mountain_climb
179,343.56225874359393,0.06584480101745341,0,city_stop_go
180,-161.1421752880057,0.06485712900219161,45,mountain_climb
181,395.66221651816863,0.06388427206715873,0,mixed_urban
182,318.53091294058544,0.06292600798615135,0,city_stop_go
183,238.11473728082993,0.06198211786635908,0,highway_cruise
184,352.57139286465423,0.06105238609836369,0,city_stop_go
185,315.5961299446084,0.060136600306888235,0,city_stop_go
186,422.5822838258922,0.05923455130228491,0,mixed_urban
187,101.42344363634463,0.058346033032750634,0,overtaking
188,158.4236762932831,0.05747084253725938,0,overtaking
189,164.4158270386927,0.05660877989920048,0,overtaking
190,251.0631591924585,0.055759648200712476,0,highway_cruise
191,251.07399120880734,0.054923253477701786,0,highway_cruise
192,254.0603040827749,0.054099404675536256,0,highway_cruise
193,176.4035877034455,0.05328791360540321,0,overtaking
194,181.89171061059193,0.05248859490132216,46,mountain_climb
195,392.5891005108082,0.05170126597780233,0,mixed_urban
196,124.431801964953,0.05092574698813529,0,overtaking
197,450.59783766280026,0.05016186078331326,0,mixed_urban
198,169.4091454236153,0.05,0,overtaking
199,-83.92050056610007,0.05,65,mountain_climb
200,161.4196945709492,0.05,0,overtaking
201,74.90387585392763,0.05,46,mountain_climb
202,351.57249228938554,0.05,0,city_stop_go
203,107.11408232825394,0.05,0,highway_cruise
204,346.5597664125859,0.05,0,city_stop_go
205,181.40410564708486,0.05,0,overtaking
206,113.03317055594181,0.05,0,highway_cruise
207,207.88301835145162,0.05,41,mountain_climb
208,154.4398702369913,0.05,0,overtaking
209,236.03502893946413,0.05,0,highway_cruise
210,172.40609526747224,0.05,0,overtaking
211,193.88403909764418,0.05,0,highway_cruise
212,245.0717322099752,0.05,0,highway_cruise
213,339.55356771805,0.05,0,city_stop_go
214,254.06799214831403,0.05,0,highway_cruise
215,167.4051791666066,0.05,0,overtaking
216,453.6663097694017,0.05,0,mixed_urban
217,467.62761192059736,0.05,0,mixed_urban
218,346.54302288652224,0.05,0,city_stop_go
219,216.87582622494983,0.05,41,mountain_climb
220,425.66226404646727,0.05,0,mixed_urban
221,355.5741842447752,0.05,0,city_stop_go
222,236.06560583702364,0.05,0,highway_cruise
223,155.4447597238021,0.05,0,overtaking
224,257.0519005162853,0.05,0,highway_cruise
225,162.42196129318302,0.05,0,overtaking
226,209.88632398541475,0.05,43,mountain_climb
227,290.6494050134802,0.05,0,city_stop_go
228,351.5708555142556,0.05,0,city_stop_go
229,418.5494566101837,0.05,0,mixed_urban
230,304.57065697806354,0.05,0,city_stop_go
231,-9.184947366152056,0.05,28,mountain_climb
232,469.57599678257236,0.05,0,mixed_urban
233,107.08791207516084,0.05,0,highway_cruise
234,357.55591440136266,0.05,0,city_stop_go
235,143.1831286520503,0.05,0,highway_cruise
236,230.02815784382665,0.05,0,highway_cruise
237,321.5396598343326,0.05,0,city_stop_go
238,175.40533736258647,0.05,0,overtaking
239,236.07566040244504,0.05,0,highway_cruise
240,452.55388564141185,0.05,0,mixed_urban
241,348.512978794274,0.05,0,city_stop_go
242,424.4736794003409,0.05,0,mixed_urban
243,245.05918183425143,0.05,0,highway_cruise
244,251.0685861440973,0.05,0,highway_cruise
245,439.5434155766059,0.05,0,mixed_urban
246,254.04908582362853,0.05,0,highway_cruise
247,336.5002661946568,0.05,0,city_stop_go
248,254.0695493355014,0.05,0,highway_cruise
249,424.43343651831174,0.05,0,mixed_urban
250,350.55230855606084,0.05,0,mixed_urban
251,293.54863836110405,0.05,0,city_stop_go
252,429.5173173141458,0.05,0,mixed_urban
253,175.40408937434017,0.05,0,overtaking
254,251.0520893129298,0.05,0,highway_cruise
255,460.55777528877485,0.05,0,mixed_urban
256,254.05971069540658,0.05,0,highway_cruise
257,443.540944371051,0.05,0,mixed_urban
258,414.56113259149066,0.05,0,mixed_urban
259,290.53984932653117,0.05,0,city_stop_go
260,254.0467900695633,0.05,0,highway_cruise
261,459.549940749004,0.05,0,mixed_urban
262,165.40732701482136,0.05,0,overtaking
263,200.88572411953447,0.05,41,mountain_climb
264,226.7105868804916,0.05,4,mountain_climb
265,352.51461993455234,0.05,0,city_stop_go
266,332.5292353228992,0.05,0,city_stop_go
267,161.3564111392576,0.05,0,overtaking
268,184.0586591115989,0.05,0,highway_cruise
269,344.512090214491,0.05,0,city_stop_go
270,121.42129030516094,0.05,0,overtaking
271,439.58042674569356,0.05,0,mixed_urban
272,423.56195807610294,0.05,0,mixed_urban
273,185.89041235716317,0.05,46,mountain_climb
274,336.51080780688505,0.05,0,city_stop_go
275,319.56205728900795,0.05,0,city_stop_go
276,294.5591985222335,0.05,0,city_stop_go
277,200.03034383704733,0.05,0,highway_cruise
278,413.597229293777,0.05,0,mixed_urban
279,395.6076540644407,0.05,0,mixed_urban
280,175.4045833519548,0.05,0,overtaking
281,307.57313944301194,0.05,0,city_stop_go
282,203.06306392663348,0.05,0,highway_cruise
283,279.5642873150043,0.05,0,city_stop_go
284,293.5501388587616,0.05,0,city_stop_go
285,-104.78235910677628,0.05,66,mountain_climb
286,408.6520727671462,0.05,0,mixed_urban
287,340.5382184675093,0.05,0,city_stop_go
288,357.5136585018585,0.05,0,city_stop_go
289,329.51453747608383,0.05,0,city_stop_go
290,191.8407373907379,0.05,34,mountain_climb
291,162.45443404880524,0.05,0,overtaking
292,127.8696024690616,0.05,36,mountain_climb
293,169.40276078482714,0.05,0,overtaking
294,331.4808072309536,0.05,0,city_stop_go
295,309.5007261025896,0.05,0,city_stop_go
296,92.90086611722262,0.05,46,mountain_climb
297,300.5589208463608,0.05,0,city_stop_go
298,170.35327770206092,0.05,0,overtaking
299,413.5803051662665,0.05,0,mixed_urban
300,73.492820162406,0.05,0,overtaking
301,10.863807835978442,0.05,33,mountain_climb
302,410.5279009365813,0.05,0,mixed_urban
303,-27.19047117575198,0.05,28,mountain_climb
304,271.54761252537816,0.05,0,city_stop_go
305,427.65011276334985,0.05,0,mixed_urban
306,166.42055412015768,0.05,0,overtaking
307,297.55682058417244,0.05,0,city_stop_go
308,172.4287255792415,0.05,0,overtaking
309,421.6991416173991,0.05,0,mixed_urban
310,128.2073616175239,0.05,0,highway_cruise
311,233.07810136548972,0.05,0,highway_cruise
312,355.57566297175924,0.05,0,mixed_urban
313,131.44984902960903,0.05,0,overtaking
314,126.48447349191392,0.05,0,overtaking
315,236.08664970537626,0.05,0,highway_cruise
316,214.98854389044155,0.05,0,highway_cruise
317,260.0677242339552,0.05,0,highway_cruise
318,175.8717971932637,0.05,48,mountain_climb
319,218.09093336129212,0.05,0,highway_cruise
320,134.44596297440134,0.05,0,overtaking
321,404.573297157094,0.05,0,mixed_urban
322,260.0553531106458,0.05,0,highway_cruise
323,197.87404820145957,0.05,40,mountain_climb
324,188.8730659209385,0.05,43,mountain_climb
325,171.34852020966912,0.05,0,overtaking
326,171.4053559827266,0.05,0,overtaking
327,409.55243489012304,0.05,0,mixed_urban
328,364.5210694340431,0.05,0,mixed_urban
329,249.529956978686,0.05,0,city_stop_go
330,340.54329292074124,0.05,0,city_stop_go
331,157.40835683402887,0.05,0,overtaking
332,175.40510555811005,0.05,0,overtaking
333,87.81719972108554,0.05,53,mountain_climb
334,348.54613944469753,0.05,0,city_stop_go
335,35.784292903214975,0.05,13,mountain_climb
336,98.79769786842887,0.05,19,mountain_climb
337,139.4600896784057,0.05,0,overtaking
338,151.4530802609713,0.05,0,overtaking
339,82.89642208818358,0.05,45,mountain_climb
340,164.0233093686888,0.05,0,highway_cruise
341,182.40572899986108,0.05,0,overtaking
342,200.00487994209644,0.05,0,highway_cruise
343,347.55372763976357,0.05,0,city_stop_go
344,-78.55991590766337,0.05,64,mountain_climb
345,154.4400655869768,0.05,0,overtaking
346,-74.48181130777178,0.05,62,mountain_climb
347,92.89934549546814,0.05,46,mountain_climb
348,410.5215733169424,0.05,0,mixed_urban
349,330.53092352035884,0.05,0,mixed_urban
350,320.51082098236066,0.05,0,city_stop_go
351,418.4098973314011,0.05,0,mixed_urban
352,157.4094835621906,0.05,0,overtaking
353,334.5282258140855,0.05,0,city_stop_go
354,115.79972343523116,0.05,19,mountain_climb
355,177.88891386964698,0.05,45,mountain_climb
356,461.5518532478399,0.05,0,mixed_urban
357,194.88325448829576,0.05,43,mountain_climb
358,480.4917801023863,0.05,0,mixed_urban
359,217.00239611956454,0.05,0,highway_cruise
360,178.88248953518195,0.05,44,mountain_climb
361,258.6440002589601,0.05,13,mountain_climb
362,175.33085878018096,0.05,0,overtaking
363,182.88455940526097,0.05,43,mountain_climb
364,388.535072317199,0.05,0,mixed_urban
365,323.5291671709597,0.05,0,city_stop_go
366,346.4997741491999,0.05,0,city_stop_go
367,135.38999583794265,0.05,0,overtaking
368,454.54277672862463,0.05,0,mixed_urban
369,220.01385622793106,0.05,0,highway_cruise
370,126.38084196471436,0.05,0,overtaking
371,263.054306273361,0.05,0,highway_cruise
372,339.5132181890501,0.05,0,city_stop_go
373,174.40418522233486,0.05,0,overtaking
374,226.87589449661408,0.05,39,mountain_climb
375,437.52254431773486,0.05,0,mixed_urban
376,204.98446266249763,0.05,0,highway_cruise
377,211.06661648325772,0.05,0,highway_cruise
378,171.40454399374187,0.05,0,overtaking
379,175.40405729679821,0.05,0,overtaking
380,392.4618133782319,0.05,0,mixed_urban
381,199.88286771765019,0.05,41,mountain_climb
382,184.8593322400954,0.05,35,mountain_climb
383,161.20277161576246,0.05,0,overtaking
384,341.5410906492643,0.05,0,mixed_urban
385,443.5347711619962,0.05,0,mixed_urban
386,418.5855289515605,0.05,0,mixed_urban
387,197.88842983868017,0.05,43,mountain_climb
388,-29.149662552161843,0.05,48,mountain_climb
389,445.42186468460227,0.05,0,mixed_urban
390,76.01593399239502,0.05,0,highway_cruise
391,398.5428666214862,0.05,0,mixed_urban
392,174.34271590080368,0.05,0,overtaking
393,313.5180966794805,0.05,0,city_stop_go
394,67.04513671001453,0.05,0,highway_cruise
395,57.907052075344794,0.05,45,mountain_climb
396,352.7119048298761,0.05,0,mixed_urban
397,458.6321425106587,0.05,0,mixed_urban
398,101.435422439469,0.05,0,overtaking
399,167.3676715291012,0.05,0,overtaking
400,79.80384983242715,0.05,19,mountain_climb
401,151.1768069152018,0.05,0,highway_cruise
402,132.40969487377015,0.05,0,overtaking
403,211.87788101586958,0.05,39,mountain_climb
404,348.54786695391766,0.05,0,city_stop_go
405,354.5015216651924,0.05,0,city_stop_go
406,352.5177799084203,0.05,0,city_stop_go
407,449.5537526195472,0.05,0,mixed_urban
408,-35.122809705808564,0.05,54,mountain_climb
409,477.54598523861887,0.05,0,mixed_urban
410,492.5425499216626,0.05,0,mixed_urban
411,178.33924241900246,0.05,0,overtaking
412,166.32386463839987,0.05,0,overtaking
413,489.5511008652003,0.05,0,mixed_urban
414,478.55118751844964,0.05,0,mixed_urban
415,214.11281334846785,0.05,0,highway_cruise
416,-94.77987986183959,0.05,68,mountain_climb
417,437.518144071185,0.05,0,mixed_urban
418,105.42539967171702,0.05,0,overtaking
419,271.5112928767816,0.05,0,city_stop_go
420,-6.162608839587499,0.05,34,mountain_climb
421,103.92023082668128,0.05,0,highway_cruise
422,107.0812170908522,0.05,0,highway_cruise
423,340.5106962167858,0.05,0,city_stop_go
424,323.52343275651884,0.05,0,city_stop_go
425,415.4854675438538,0.05,0,mixed_urban
426,141.65610397312375,0.05,15,mountain_climb
427,197.87805153197297,0.05,40,mountain_climb
428,458.4779617440916,0.05,0,mixed_urban
429,198.98545867958288,0.05,0,highway_cruise
430,408.5353977595049,0.05,0,mixed_urban
431,220.05123547585342,0.05,0,highway_cruise
432,220.8837786792695,0.05,41,mountain_climb
433,392.5058759511913,0.05,0,mixed_urban
434,311.51783430587517,0.05,0,city_stop_go
435,450.5005168657922,0.05,0,mixed_urban
436,275.5167307018365,0.05,0,city_stop_go
437,42.82106737495311,0.05,31,mountain_climb
438,349.519631880588,0.05,0,mixed_urban
439,172.40348467505268,0.05,0,overtaking
440,223.85141989623477,0.05,32,mountain_climb
441,176.39477111092916,0.05,0,overtaking
442,361.50766479412556,0.05,0,mixed_urban
443,248.60572437126532,0.05,0,city_stop_go
444,233.53214129929097,0.05,0,city_stop_go
445,186.95857675482776,0.05,0,highway_cruise
446,178.33367144292004,0.05,0,overtaking
447,214.8822227134447,0.05,41,mountain_climb
448,256.5558305421673,0.05,0,city_stop_go
449,173.27810757491946,0.05,0,overtaking
450,4.857853963998822,0.05,51,mountain_climb
451,89.90359452273805,0.05,43,mountain_climb
452,278.59611962905404,0.05,0,city_stop_go
453,471.61276581229293,0.05,0,mixed_urban
454,345.5400687531859,0.05,0,city_stop_go
455,354.5429071585975,0.05,0,city_stop_go
456,421.63006252655214,0.05,0,mixed_urban
457,61.13693497962506,0.05,0,highway_cruise
458,218.87892694724516,0.05,41,mountain_climb
459,435.5248483957643,0.05,0,mixed_urban
460,189.9444057974903,0.05,0,highway_cruise
461,477.5562399747941,0.05,0,mixed_urban
462,245.08614502881434,0.05,0,highway_cruise
463,353.5400833621093,0.05,0,city_stop_go
464,471.5832534039009,0.05,0,mixed_urban
465,178.8920994367977,0.05,49,mountain_climb
466,431.59916793578304,0.05,0,mixed_urban
467,354.5419595304946,0.05,0,city_stop_go
468,430.59056559123223,0.05,0,mixed_urban
469,273.69065486153517,0.05,3,mountain_climb
470,247.09414639600513,0.05,0,highway_cruise
471,163.87747598766725,0.05,46,mountain_climb
472,354.5382275679667,0.05,0,city_stop_go
473,348.52566342939303,0.05,0,city_stop_go
474,211.09519212598306,0.05,0,highway_cruise
475,223.9414971392222,0.05,0,highway_cruise
476,168.88061976968388,0.05,45,mountain_climb
477,403.55036075103635,0.05,0,mixed_urban
478,180.02783578096265,0.05,0,highway_cruise
479,342.4363210169154,0.05,0,mixed_urban
480,160.2991786419306,0.05,0,overtaking
481,181.88452196850363,0.05,44,mountain_climb
482,153.3611609358103,0.05,0,overtaking
483,151.06073152335222,0.05,0,highway_cruise
484,327.53269661509415,0.05,0,city_stop_go
485,131.41530665883653,0.05,0,overtaking
486,157.29716708037006,0.05,0,overtaking
487,346.5401834769698,0.05,0,city_stop_go
488,252.07065012509165,0.05,0,highway_cruise
489,253.05965980110105,0.05,0,highway_cruise
490,200.89181221877215,0.05,44,mountain_climb
491,-71.3995499583581,0.05,57,mountain_climb
492,91.0345410611716,0.05,0,highway_cruise
493,109.04764911563163,0.05,0,highway_cruise
494,108.40236686901477,0.05,0,overtaking
495,319.5382926542957,0.05,0,city_stop_go
496,252.7652069841462,0.05,0,mixed_urban
497,120.48925823894618,0.05,0,overtaking
498,-65.1693936619719,0.05,23,mountain_climb
499,314.5227204597434,0.05,0,city_stop_go
500,339.5078519001539,0.05,0,mixed_urban
501,172.90893127300194,0.05,0,highway_cruise
502,-68.23324383746682,0.05,59,mountain_climb
503,-8.153816006559973,0.05,47,mountain_climb
504,167.4038305349673,0.05,0,overtaking
505,342.6080337068305,0.05,0,city_stop_go
506,328.66263454556486,0.05,0,city_stop_go
507,150.27947899433153,0.05,0,overtaking
508,160.3997896601138,0.05,0,overtaking
509,163.21295378776563,0.05,0,overtaking
510,-135.17517174980424,0.05,50,mountain_climb
511,26.137487911411533,0.05,0,highway_cruise
512,-40.1752059920362,0.05,48,mountain_climb
513,210.84892456348274,0.05,32,mountain_climb
514,232.83658302848983,0.05,33,mountain_climb
515,396.4738787168807,0.05,0,mixed_urban
516,170.85702193457567,0.05,35,mountain_climb
517,399.39563503024374,0.05,0,mixed_urban
518,279.5623970965569,0.05,0,city_stop_go
519,333.5151861180946,0.05,0,city_stop_go
520,143.44382641649128,0.05,0,overtaking
521,436.444641916351,0.05,0,mixed_urban
522,358.32152539189224,0.05,0,mixed_urban
523,-62.04503615692336,0.05,64,mountain_climb
524,162.36183951674684,0.05,0,overtaking
525,130.48134979190027,0.05,0,overtaking
526,160.3846424697741,0.05,0,mountain_climb
527,420.48837944394865,0.05,0,mixed_urban
528,113.40214487898577,0.05,0,mountain_climb
529,143.39856787005334,0.05,0,mountain_climb
530,259.5135214310541,0.05,0,city_stop_go
531,330.47598913151376,0.05,0,mixed_urban
532,426.54917834305706,0.05,0,mixed_urban
533,169.45070326485083,0.05,0,overtaking
534,342.58566703342495,0.05,0,city_stop_go
535,443.54722882662753,0.05,0,mixed_urban
536,336.6516145732735,0.05,0,city_stop_go
537,444.55056381227524,0.05,0,mixed_urban
538,341.661503017774,0.05,0,city_stop_go
539,445.5271505710883,0.05,0,mixed_urban
540,138.98139373789226,0.05,0,highway_cruise
541,389.39316708820485,0.05,0,mixed_urban
542,407.3984849920414,0.05,0,mixed_urban
543,461.5572428083719,0.05,0,mixed_urban
544,151.4105955400492,0.05,0,mountain_climb
545,469.5871323209519,0.05,0,mixed_urban
546,346.6496326125391,0.05,0,city_stop_go
547,339.6437594938509,0.05,0,city_stop_go
548,338.64359974665865,0.05,0,city_stop_go
549,82.00440492198534,0.05,0,highway_cruise
550,130.42672610402792,0.05,0,mountain_climb
551,165.41907134838468,0.05,0,overtaking
552,120.39634596725554,0.05,0,mountain_climb
553,144.44627586037805,0.05,0,overtaking
554,118.39373022761512,0.05,0,mountain_climb
555,325.6332475808894,0.05,0,city_stop_go
556,76.98952737227256,0.05,0,highway_cruise
557,106.43016484105584,0.05,0,mountain_climb
558,203.06472642920613,0.05,0,highway_cruise
559,214.87897329904456,0.05,39,mountain_climb
560,340.6467841735028,0.05,0,city_stop_go
561,423.6802264047798,0.05,0,mixed_urban
562,316.6522929450083,0.05,0,city_stop_go
563,424.6629923568889,0.05,0,mixed_urban
564,170.89454120317535,0.05,46,mountain_climb
565,141.45141420922724,0.05,0,overtaking
566,132.45488224843263,0.05,0,overtaking
567,168.4230335514516,0.05,0,overtaking
568,191.12046699460095,0.05,0,highway_cruise
569,336.66116178634803,0.05,0,city_stop_go
570,182.88613929457028,0.05,43,mountain_climb
571,333.64527976484635,0.05,0,city_stop_go
572,139.4930431143018,0.05,0,overtaking
573,434.6700939751383,0.05,0,mixed_urban
574,459.6726440100132,0.05,0,mixed_urban
575,173.40287811257772,0.05,0,overtaking
576,210.88070254661267,0.05,41,mountain_climb
577,334.64918848970586,0.05,0,city_stop_go
578,192.89472124870167,0.05,47,mountain_climb
579,441.6565482228981,0.05,0,mixed_urban
580,452.5304313689642,0.05,0,mixed_urban
581,-42.14633000013801,0.05,52,mountain_climb
582,432.74023345797644,0.05,0,mixed_urban
583,430.7351713389378,0.05,0,mixed_urban
584,345.6524343157049,0.05,0,city_stop_go
585,-367.6015676973291,0.05,86,mountain_climb
586,181.98199820795494,0.05,0,highway_cruise
587,391.6230159989465,0.05,0,mixed_urban
588,148.40897644775927,0.05,0,mountain_climb
589,28.441056593925367,0.05,0,mountain_climb
590,124.43512546903423,0.05,0,mountain_climb
591,166.4269936682521,0.05,0,mountain_climb
592,176.33573578073268,0.05,0,overtaking
593,156.4060385129706,0.05,0,mountain_climb
594,113.49031569028904,0.05,0,overtaking
595,153.40098139202945,0.05,0,mountain_climb
596,329.6350322365772,0.05,0,city_stop_go
597,199.00140420751023,0.05,0,highway_cruise
598,226.99236237588818,0.05,0,highway_cruise
599,223.98986836574872,0.05,0,highway_cruise
600,208.9865274923495,0.05,0,highway_cruise
601,226.98575301553484,0.05,0,highway_cruise
602,184.98343350418813,0.05,0,highway_cruise
603,436.59095678173304,0.05,0,mixed_urban
604,175.42198362438475,0.05,0,mountain_climb
605,333.6418299284115,0.05,0,city_stop_go
606,168.40415401454354,0.05,0,overtaking
607,323.65286143173466,0.05,0,city_stop_go
608,145.45744784649693,0.05,0,mountain_climb
609,204.88109493051238,0.05,44,mountain_climb
610,262.7521786760435,0.05,13,mountain_climb
611,319.6396169148396,0.05,0,city_stop_go
612,230.0323184388509,0.05,0,highway_cruise
613,175.40481011263392,0.05,0,overtaking
614,263.0447474932299,0.05,0,highway_cruise
615,266.05008199894513,0.05,0,highway_cruise
616,155.4397387239085,0.05,0,overtaking
617,171.4051206347402,0.05,0,overtaking
618,466.5814562334002,0.05,0,mixed_urban
619,388.46460068524675,0.05,0,mixed_urban
620,344.65302598798087,0.05,0,city_stop_go
621,349.62215772086444,0.05,0,city_stop_go
622,478.5386780845164,0.05,0,mixed_urban
623,348.64855662854234,0.05,0,city_stop_go
624,257.04783627944613,0.05,0,highway_cruise
625,182.40325546060623,0.05,0,overtaking
626,169.4049393595697,0.05,0,overtaking
627,164.29528775750293,0.05,0,overtaking
628,345.63065047715344,0.05,0,city_stop_go
629,172.33216095691205,0.05,0,overtaking
630,256.07891481744207,0.05,0,highway_cruise
631,68.5379116775745,0.05,0,overtaking
632,338.6335088105045,0.05,0,city_stop_go
633,179.40268908242555,0.05,0,overtaking
634,454.52782786055786,0.05,0,mixed_urban
635,254.0541814456296,0.05,0,highway_cruise
636,175.4041118237395,0.05,0,overtaking
637,169.40451940047592,0.05,0,overtaking
638,254.08366561569338,0.05,0,highway_cruise
639,200.88220208598395,0.05,43,mountain_climb
640,217.98948083694677,0.05,0,highway_cruise
641,151.87040517233686,0.05,48,mountain_climb
642,-102.13636053388493,0.05,46,mountain_climb
643,339.62378742056484,0.05,0,city_stop_go
644,64.03266062238391,0.05,0,highway_cruise
645,163.441475181568,0.05,0,overtaking
646,338.6429352449206,0.05,0,city_stop_go
647,348.64214607359236,0.05,0,city_stop_go
648,204.88932020902251,0.05,44,mountain_climb
649,207.884627899287,0.05,44,mountain_climb
650,342.6278542875024,0.05,0,city_stop_go
651,125.18365531234844,0.05,0,highway_cruise
652,169.4071955714677,0.05,0,overtaking
653,166.88659244751787,0.05,48,mountain_climb
654,321.61432238312864,0.05,0,city_stop_go
655,339.61857033258315,0.05,0,city_stop_go
656,127.92768707351773,0.05,0,highway_cruise
657,223.9906237828829,0.05,0,highway_cruise
658,466.58775670012477,0.05,0,mixed_urban
659,176.40353715004179,0.05,0,overtaking
660,473.56986920724415,0.05,0,mixed_urban
661,202.98780817215678,0.05,0,highway_cruise
662,421.4508509632228,0.05,0,mixed_urban
663,175.3469198294506,0.05,0,overtaking
664,279.57934932458363,0.05,0,city_stop_go
665,202.98906008498986,0.05,0,highway_cruise
666,349.6410405793127,0.05,0,city_stop_go
667,231.7284736405325,0.05,8,mountain_climb
668,137.8889489385307,0.05,43,mountain_climb
669,431.5174270073562,0.05,0,mixed_urban
670,106.53896061994078,0.05,0,mountain_climb
671,236.04967918842493,0.05,0,highway_cruise
672,235.04536924573284,0.05,0,highway_cruise
673,475.5616528521924,0.05,0,mixed_urban
674,266.05836684639866,0.05,0,highway_cruise
675,248.05090206910094,0.05,0,highway_cruise
676,338.5669027016338,0.05,0,city_stop_go
677,474.57963349318766,0.05,0,mixed_urban
678,355.5721333533397,0.05,0,city_stop_go
679,202.8858504939085,0.05,42,mountain_climb
680,176.01945470060622,0.05,0,highway_cruise
681,467.52147427020805,0.05,0,mixed_urban
682,182.86838225467793,0.05,42,mountain_climb
683,173.8704504906917,0.05,39,mountain_climb
684,353.52389120582274,0.05,0,mixed_urban
685,44.89107129104384,0.05,45,mountain_climb
686,275.5452163563379,0.05,0,city_stop_go
687,279.5379831645713,0.05,0,city_stop_go
688,342.5626809023844,0.05,0,city_stop_go
689,44.23098991360527,0.05,0,highway_cruise
690,204.826479205899,0.05,26,mountain_climb
691,202.97969982368286,0.05,0,highway_cruise
692,172.88266603246626,0.05,48,mountain_climb
693,199.8510881426416,0.05,33,mountain_climb
694,378.52449071544453,0.05,0,mixed_urban
695,169.40521491554463,0.05,0,overtaking
696,154.9131751951681,0.05,0,highway_cruise
697,345.5603802393384,0.05,0,city_stop_go
698,465.5567359191593,0.05,0,mixed_urban
699,480.54711064983064,0.05,0,mixed_urban
700,329.51114927930183,0.05,0,city_stop_go
701,221.13093096443154,0.05,0,highway_cruise
702,467.455657231746,0.05,0,mixed_urban
703,467.57996545752485,0.05,0,mixed_urban
704,473.5971458301857,0.05,0,mixed_urban
705,346.5734833400096,0.05,0,city_stop_go
706,469.5297871916477,0.05,0,mixed_urban
707,334.6447458366532,0.05,0,city_stop_go
708,336.64006815318646,0.05,0,city_stop_go
709,338.6297295507344,0.05,0,city_stop_go
710,221.0099042276102,0.05,0,highway_cruise
711,299.6476173042351,0.05,0,city_stop_go
712,250.04815475995392,0.05,0,highway_cruise
713,254.0703796317175,0.05,0,highway_cruise
714,207.88810792993962,0.05,44,mountain_climb
715,173.0312184931736,0.05,0,highway_cruise
716,337.63101314403025,0.05,0,city_stop_go
717,348.57160415804157,0.05,0,city_stop_go
718,173.406827772158,0.05,0,overtaking
719,341.59091146948543,0.05,0,city_stop_go
720,466.56743877434343,0.05,0,mixed_urban
721,187.86945864365902,0.05,45,mountain_climb
722,110.85317674752531,0.05,31,mountain_climb
723,457.65303797135437,0.05,0,mixed_urban
724,47.185396948288805,0.05,0,highway_cruise
725,483.55137559185937,0.05,0,mixed_urban
726,266.0616521298363,0.05,0,highway_cruise
727,470.54274991742983,0.05,0,mixed_urban
728,352.56707106398335,0.05,0,city_stop_go
729,251.0572598701941,0.05,0,highway_cruise
730,256.06096793991605,0.05,0,highway_cruise
731,330.56670481343696,0.05,0,city_stop_go
732,202.89382042019372,0.05,45,mountain_climb
733,193.98425111026376,0.05,0,highway_cruise
734,165.4060235677248,0.05,0,overtaking
735,236.01786430907748,0.05,0,highway_cruise
736,257.0601281912992,0.05,0,highway_cruise
737,168.40417878896352,0.05,0,overtaking
738,239.0679257554699,0.05,0,highway_cruise
739,205.88878439505106,0.05,45,mountain_climb
740,136.8510347914859,0.05,33,mountain_climb
741,47.19789907270952,0.05,0,highway_cruise
742,29.03945301868091,0.05,0,highway_cruise
743,158.45067797850194,0.05,0,overtaking
744,233.08372657883584,0.05,0,highway_cruise
745,161.40751941507082,0.05,0,overtaking
746,347.601718377364,0.05,0,city_stop_go
747,104.48223776165479,0.05,0,overtaking
748,168.41373391185928,0.05,0,overtaking
749,420.6155773189653,0.05,0,mixed_urban
750,183.89399288753415,0.05,47,mountain_climb
751,463.54854384920844,0.05,0,mixed_urban
752,424.5420411803263,0.05,0,mixed_urban
753,-145.57754200642893,0.05,71,mountain_climb
754,348.5790679672266,0.05,0,city_stop_go
755,326.60461665587957,0.05,0,city_stop_go
756,197.03105507225692,0.05,0,highway_cruise
757,170.2862039101632,0.05,0,overtaking
758,409.56722911603885,0.05,0,mixed_urban
759,193.03042133913274,0.05,0,highway_cruise
760,469.550855933711,0.05,0,mixed_urban
761,317.538214722427,0.05,0,city_stop_go
762,153.7057669652007,0.05,0,mountain_climb
763,141.64882960902543,0.05,0,mountain_climb
764,132.3773668575714,0.05,0,overtaking
765,194.02440423685087,0.05,0,highway_cruise
766,212.01992588767712,0.05,0,highway_cruise
767,325.5711431204843,0.05,0,city_stop_go
768,404.59832329640756,0.05,0,mixed_urban
769,176.40413254344188,0.05,0,overtaking
770,224.01099186650276,0.05,0,highway_cruise
771,153.70951097588153,0.05,2,mountain_climb
772,479.57082088085536,0.05,0,mixed_urban
773,218.02251274192332,0.05,0,highway_cruise
774,135.72606279373522,0.05,8,mountain_climb
775,23.82274250828859,0.05,64,mountain_climb
776,342.59670457138594,0.05,0,city_stop_go
777,394.73300957146154,0.05,0,mixed_urban
778,165.41700138476799,0.05,0,overtaking
779,87.90691037344601,0.05,53,mountain_climb
780,-155.29240517987063,0.05,56,mountain_climb
781,50.10929243804409,0.05,0,highway_cruise
782,466.5711194834964,0.05,0,mixed_urban
783,421.44433266928866,0.05,0,mixed_urban
784,344.6105818042135,0.05,0,city_stop_go
785,336.5233868969041,0.05,0,city_stop_go
786,431.5425180361564,0.05,0,mixed_urban
787,205.12338951756004,0.05,0,highway_cruise
788,268.5446387598126,0.05,0,city_stop_go
789,393.43307513344587,0.05,0,mixed_urban
790,467.50419531044645,0.05,0,mixed_urban
791,271.54124745011484,0.05,0,city_stop_go
792,230.09088312730884,0.05,0,highway_cruise
793,-98.58710006665079,0.05,67,mountain_climb
794,346.52191846040324,0.05,0,city_stop_go
795,171.40414044570144,0.05,0,overtaking
796,181.41514523752193,0.05,0,mountain_climb
797,323.528430445789,0.05,0,city_stop_go
798,168.33152352208057,0.05,0,overtaking
799,339.5836641570619,0.05,0,city_stop_go
800,420.52634275840956,0.05,0,mixed_urban
801,108.46807229368392,0.05,0,overtaking
802,279.55407013905244,0.05,0,city_stop_go
803,166.41114338475722,0.05,0,mountain_climb
804,211.9855306919437,0.05,0,highway_cruise
805,223.98419775858395,0.05,0,highway_cruise
806,311.5565784551827,0.05,0,city_stop_go
807,446.5393888004335,0.05,0,mixed_urban
808,163.19443810932557,0.05,0,overtaking
809,160.4163508398454,0.05,0,mountain_climb
810,399.56446786421543,0.05,0,mixed_urban
811,174.406180245404,0.05,0,mountain_climb
812,159.99581759241605,0.05,0,highway_cruise
813,100.43379151988547,0.05,0,overtaking
814,220.9777881482944,0.05,0,highway_cruise
815,245.7544728540476,0.05,13,mountain_climb
816,442.542660662657,0.05,0,mixed_urban
817,402.53728142149475,0.05,0,mixed_urban
818,241.05094156259634,0.05,0,highway_cruise
819,199.88946139873536,0.05,44,mountain_climb
820,341.5155160004143,0.05,0,mixed_urban
821,210.98944383412444,0.05,0,highway_cruise
822,331.45578989937513,0.05,0,mixed_urban
823,217.07710136557057,0.05,0,highway_cruise
824,247.04937388906313,0.05,0,highway_cruise
825,469.5707527183328,0.05,0,mixed_urban
826,250.08772887121495,0.05,0,highway_cruise
827,194.88972432640915,0.05,45,mountain_climb
828,77.79016617583996,0.05,23,mountain_climb
829,450.5331966058727,0.05,0,mixed_urban
830,168.40699333269234,0.05,0,overtaking
831,164.40802554255404,0.05,0,overtaking
832,347.52817336345714,0.05,0,city_stop_go
833,444.50849348137365,0.05,0,mixed_urban
834,-12.164949541367461,0.05,37,mountain_climb
835,218.01350955077922,0.05,0,highway_cruise
836,177.58164638036249,0.05,0,mountain_climb
837,471.49531092255137,0.05,0,mixed_urban
838,398.50001257814836,0.05,0,mixed_urban
839,119.59150446835424,0.05,0,mountain_climb
840,168.4039687555568,0.05,0,overtaking
841,127.05427090366884,0.05,0,highway_cruise
842,159.70204839739972,0.05,1,mountain_climb
843,352.51278705118006,0.05,0,mixed_urban
844,330.5177998164751,0.05,0,mixed_urban
845,328.51804246193376,0.05,0,mixed_urban
846,410.5165694154546,0.05,0,mixed_urban
847,331.50751075535237,0.05,0,mixed_urban
848,31.6028402760186,0.05,0,mountain_climb
849,227.02622152289914,0.05,0,highway_cruise
850,137.71768573285505,0.05,4,mountain_climb
851,-63.33697253618602,0.05,58,mountain_climb
852,-186.25014731313246,0.05,67,mountain_climb
853,161.40438529210812,0.05,0,overtaking
854,164.25930699154046,0.05,0,overtaking
855,-148.28429121082925,0.05,49,mountain_climb
856,165.35876844210583,0.05,0,overtaking
857,421.4142637865297,0.05,0,mixed_urban
858,96.80133598037904,0.05,0,highway_cruise
859,-168.13952379312227,0.05,70,mountain_climb
860,-342.70435975428774,0.05,78,mountain_climb
861,-140.04900188813852,0.05,64,mountain_climb
862,443.6651655754384,0.05,0,mixed_urban
863,172.26474519819843,0.05,0,highway_cruise
864,174.81771762645326,0.05,24,mountain_climb
865,250.09171547545347,0.05,0,highway_cruise
866,188.89160873741804,0.05,44,mountain_climb
867,169.89929600581576,0.05,49,mountain_climb
868,343.50954340574907,0.05,0,city_stop_go
869,429.5670669994944,0.05,0,mixed_urban
870,339.5784685484759,0.05,0,city_stop_go
871,96.32677410286604,0.05,0,overtaking
872,315.6489938189192,0.05,0,mixed_urban
873,403.564978482926,0.05,0,mixed_urban
874,251.1092589116159,0.05,0,highway_cruise
875,342.5924185746372,0.05,0,city_stop_go
876,333.59834731645196,0.05,0,city_stop_go
877,254.07745913074874,0.05,0,highway_cruise
878,316.58533645856096,0.05,0,city_stop_go
879,254.05958634008695,0.05,0,highway_cruise
880,343.6045408202472,0.05,0,mixed_urban
881,205.89436232747937,0.05,45,mountain_climb
882,364.5723258024481,0.05,0,city_stop_go
883,430.61353833848307,0.05,0,mixed_urban
884,-116.75212710165371,0.05,70,mountain_climb
885,44.264787879525905,0.05,0,highway_cruise
886,480.56556264400797,0.05,0,mixed_urban
887,478.5577529174512,0.05,0,mixed_urban
888,454.426616176092,0.05,0,mixed_urban
889,167.35769239712835,0.05,0,overtaking
890,478.5448916270451,0.05,0,mixed_urban
891,220.10144589600233,0.05,0,highway_cruise
892,336.5884408317355,0.05,0,city_stop_go
893,-96.03908422601558,0.05,60,mountain_climb
894,136.06563002507045,0.05,0,highway_cruise
895,177.8909055819727,0.05,0,highway_cruise
896,301.6612863146784,0.05,0,city_stop_go
897,427.5308158036316,0.05,0,mixed_urban
898,465.58297906842245,0.05,0,mixed_urban
899,190.0466712139529,0.05,0,highway_cruise
900,461.5766189240443,0.05,0,mixed_urban
901,480.56418422323964,0.05,0,mixed_urban
902,100.46630027835101,0.05,0,overtaking
903,163.70015153718677,0.05,0,mountain_climb
904,355.5922192300341,0.05,0,city_stop_go
905,103.99526818155215,0.05,0,highway_cruise
906,320.62635239882485,0.05,0,city_stop_go
907,391.53763194690436,0.05,0,mixed_urban
908,158.29699821866708,0.05,0,overtaking
909,375.515661225861,0.05,0,mixed_urban
910,188.96421073133368,0.05,0,highway_cruise
911,417.5458372619836,0.05,0,mixed_urban
912,131.40674245346256,0.05,0,overtaking
913,133.71850730691645,0.05,5,mountain_climb
914,276.6046217852803,0.05,0,city_stop_go
915,351.53797173454984,0.05,0,city_stop_go
916,352.5882848911672,0.05,0,city_stop_go
917,137.07971997442075,0.05,0,highway_cruise
918,154.29684048318242,0.05,0,overtaking
919,178.03380171748117,0.05,0,highway_cruise
920,143.7036208348618,0.05,2,mountain_climb
921,295.55302762594107,0.05,0,city_stop_go
922,322.5073658824719,0.05,0,city_stop_go
923,430.60535015203493,0.05,0,mixed_urban
924,129.40078122221993,0.05,0,overtaking
925,-11.189865590562642,0.05,17,mountain_climb
926,331.5264132740944,0.05,0,city_stop_go
927,165.40632922296132,0.05,0,overtaking
928,323.5093467003993,0.05,0,city_stop_go
929,336.49992292489065,0.05,0,city_stop_go
930,331.50573120096453,0.05,0,city_stop_go
931,196.9682899290325,0.05,0,highway_cruise
932,145.44043160110715,0.05,0,overtaking
933,203.16066298250098,0.05,0,highway_cruise
934,310.6164301828377,0.05,0,city_stop_go
935,-99.87596266226053,0.05,66,mountain_climb
936,344.5904984304175,0.05,0,mixed_urban
937,391.6536228261347,0.05,0,mixed_urban
938,311.5957506048466,0.05,0,city_stop_go
939,284.64506167067617,0.05,0,city_stop_go
940,104.19430533310606,0.05,0,highway_cruise
941,258.65347004226396,0.05,0,city_stop_go
942,-78.1492216490213,0.05,40,mountain_climb
943,301.6361936906154,0.05,0,city_stop_go
944,370.5509815561094,0.05,0,mixed_urban
945,394.5385223172226,0.05,0,mixed_urban
946,81.8712378367808,0.05,35,mountain_climb
947,434.6615221761349,0.05,0,mixed_urban
948,19.597967307699122,0.05,66,mountain_climb
949,168.40409308767582,0.05,0,overtaking
950,436.62500509968476,0.05,0,mixed_urban
951,159.40853149002893,0.05,0,overtaking
952,23.096555517199487,0.05,0,highway_cruise
953,329.64501121512944,0.05,0,city_stop_go
954,29.140030424370316,0.05,0,highway_cruise
955,209.0184650950824,0.05,0,highway_cruise
956,333.65466318972426,0.05,0,city_stop_go
957,196.9894071674162,0.05,0,highway_cruise
958,156.7175392255475,0.05,5,mountain_climb
959,344.6661352747671,0.05,0,city_stop_go
960,483.56232708236087,0.05,0,mixed_urban
961,348.66281465241013,0.05,0,city_stop_go
962,213.8895830164009,0.05,44,mountain_climb
963,164.41221819697455,0.05,0,overtaking
964,167.89484056098573,0.05,47,mountain_climb
965,342.65396057664833,0.05,0,city_stop_go
966,221.03077190221407,0.05,0,highway_cruise
967,175.4067884336158,0.05,0,overtaking
968,163.71319838642665,0.05,3,mountain_climb
969,482.5852690135907,0.05,0,mixed_urban
970,176.42024736324674,0.05,0,overtaking
971,344.61069025382585,0.05,0,city_stop_go
972,358.6155605326562,0.05,0,city_stop_go
973,322.62646714878196,0.05,0,city_stop_go
974,440.4717213763585,0.05,0,mixed_urban
975,155.42894508119383,0.05,0,overtaking
976,418.5891992633427,0.05,0,mixed_urban
977,347.61989674763464,0.05,0,city_stop_go
978,171.40966583075277,0.05,0,overtaking
979,334.5795362741468,0.05,0,city_stop_go
980,313.62880023302176,0.05,0,city_stop_go
981,248.06367109098912,0.05,0,highway_cruise
982,346.5891287623379,0.05,0,city_stop_go
983,260.07015062523664,0.05,0,highway_cruise
984,351.6047445298083,0.05,0,city_stop_go
985,260.0616561527887,0.05,0,highway_cruise
986,260.0613889142129,0.05,0,highway_cruise
987,175.40261295931873,0.05,0,overtaking
988,164.4233065107213,0.05,0,overtaking
989,241.9183381248029,0.05,0,highway_cruise
990,146.47995940405062,0.05,0,overtaking
991,335.58417322888005,0.05,0,city_stop_go
992,450.5972120836151,0.05,0,mixed_urban
993,351.6152279378238,0.05,0,city_stop_go
994,344.59645694969083,0.05,0,city_stop_go
995,233.07664428005828,0.05,0,highway_cruise
996,347.5973544461664,0.05,0,city_stop_go
997,168.42632820276995,0.05,0,overtaking
998,192.88515279732934,0.05,41,mountain_climb
999,318.6474906319594,0.05,0,city_stop_go
